{"ts": "2025-09-13T19:48:32Z", "series": {"rain": [[1757792883279, 1.558817163762279], [1757792889367, 1.6135355275927263], [1757792895250, 1.6682538914231735], [1757792900988, 1.7229722552536206], [1757792906775, 2.0665351758504134], [1757792912584, 2.4100980964472063]], "sinr": [[1757792883279, 15.26213939572993], [1757792889367, 15.139112477344002], [1757792895250, 15.016085558958071], [1757792900988, 14.893058640572141], [1757792906775, 14.988934549509192], [1757792912584, 15.084810458446245]], "duty": [[1757792883279, 0.0], [1757792889367, 0.0], [1757792895250, 0.0], [1757792900988, 0.0], [1757792906775, 0.0], [1757792912584, 0.0]], "mos": [[1757792883279, 4.140284373023987], [1757792889367, 4.140258706007308], [1757792895250, 4.140233038990628], [1757792900988, 4.140207371973949], [1757792906775, 4.140228873216964], [1757792912584, 4.140250374459979]]}}