{"ts": "2025-09-13T20:13:51Z", "series": {"rain": [[1757794425927, 0.11593986878732115], [1757794431877, 0.6697861205384544]], "sinr": [[1757794425927, 15.74164108179656], [1757794431877, 15.582764172286158]], "duty": [[1757794425927, 0.0], [1757794431877, 0.0]], "mos": [[1757794425927, 4.14032802509277], [1757794431877, 4.140313609266725]]}}