{"ts": "2025-09-13T20:31:10Z", "series": {"rain": [[1757795371633, 0.1010474814050647], [1757795377611, 0.36806760949247586], [1757795383767, 0.6350877375798869], [1757795389704, 0.9021078656672981], [1757795395507, 1.0032337438391592], [1757795401276, 1.1043596220110203], [1757795407143, 1.2054855001828815], [1757795412917, 1.1971280011517038], [1757795418662, 1.1887705021205264], [1757795424440, 1.1804130030893487], [1757795430098, 0.8522034327279501], [1757795435828, 0.5239938623665519], [1757795441648, 0.19578429200515318], [1757795447457, 0.44083137543299067], [1757795453193, 0.6858784588608289], [1757795459029, 0.9309255422886664], [1757795464816, 1.2317313465210595], [1757795470547, 1.5325371507534535]], "sinr": [[1757795371633, 15.743155972978427], [1757795377611, 15.366195766092407], [1757795383767, 14.989235559206385], [1757795389704, 14.612275352320365], [1757795395507, 13.852805368586164], [1757795401276, 13.093335384851962], [1757795407143, 12.33386540111776], [1757795412917, 12.567262381196635], [1757795418662, 12.800659361275507], [1757795424440, 13.03405634135438], [1757795430098, 13.4065755256491], [1757795435828, 13.779094709943816], [1757795441648, 14.151613894238535], [1757795447457, 14.843041651185464], [1757795453193, 15.534469408132395], [1757795459029, 16.225897165079324], [1757795464816, 16.046457985931063], [1757795470547, 15.867018806782799]], "duty": [[1757795371633, 0.0], [1757795377611, 0.0], [1757795383767, 0.0], [1757795389704, 0.0], [1757795395507, 0.0], [1757795401276, 0.0], [1757795407143, 0.0], [1757795412917, 0.0], [1757795418662, 0.0], [1757795424440, 0.0], [1757795430098, 0.0], [1757795435828, 0.0], [1757795441648, 0.0], [1757795447457, 0.0], [1757795453193, 0.0], [1757795459029, 0.0], [1757795464816, 0.0], [1757795470547, 0.0]], "mos": [[1757795371633, 4.140328107319731], [1757795377611, 4.140250973403556], [1757795383767, 4.140173839487381], [1757795389704, 4.140096705571206], [1757795395507, 4.132738538276633], [1757795401276, 4.125380370982061], [1757795407143, 4.118022203687488], [1757795412917, 4.123530356736173], [1757795418662, 4.129038509784857], [1757795424440, 4.134546662833542], [1757795430098, 4.136267806305558], [1757795435828, 4.137988949777573], [1757795441648, 4.1397100932495885], [1757795447457, 4.139921696819749], [1757795453193, 4.140133300389908], [1757795459029, 4.140344903960068], [1757795464816, 4.140338243304213], [1757795470547, 4.140331582648359]]}}