{"ts": "2025-09-13T20:13:45Z", "series": {"rain": [[1757794425927, 0.11593986878732115]], "sinr": [[1757794425927, 15.74164108179656]], "duty": [[1757794425927, 0.0]], "mos": [[1757794425927, 4.14032802509277]]}}