{"ts": "2025-09-13T20:26:32Z", "series": {"rain": [[1757795168896, 0.8689796242500221], [1757795174728, 1.017594059211111], [1757795180503, 1.1662084941722002], [1757795186338, 1.3148229291332891], [1757795192089, 1.1693333302450888]], "sinr": [[1757795168896, 15.533756444405169], [1757795174728, 15.356591387632793], [1757795180503, 15.179426330860416], [1757795186338, 15.00226127408804], [1757795192089, 14.892520259556395]], "duty": [[1757795168896, 0.0], [1757795174728, 0.0], [1757795180503, 0.0], [1757795186338, 0.0], [1757795192089, 0.0]], "mos": [[1757795168896, 4.140314022240812], [1757795174728, 4.140288107028834], [1757795180503, 4.140262191816856], [1757795186338, 4.1402362766048775], [1757795192089, 4.140199561692571]]}}