{"ts": "2025-09-13T19:49:12Z", "series": {"rain": [[1757792883279, 1.558817163762279], [1757792889367, 1.6135355275927263], [1757792895250, 1.6682538914231735], [1757792900988, 1.7229722552536206], [1757792906775, 2.0665351758504134], [1757792912584, 2.4100980964472063], [1757792918282, 2.753661017043999], [1757792924046, 2.8189244966952858], [1757792929767, 2.8841879763465723], [1757792935540, 2.9494514559978593], [1757792941281, 3.159359728700716], [1757792947071, 3.3692680014035723], [1757792952909, 3.5791762741064295]], "sinr": [[1757792883279, 15.26213939572993], [1757792889367, 15.139112477344002], [1757792895250, 15.016085558958071], [1757792900988, 14.893058640572141], [1757792906775, 14.988934549509192], [1757792912584, 15.084810458446245], [1757792918282, 15.1806863673833], [1757792924046, 15.42480429297553], [1757792929767, 15.668922218567761], [1757792935540, 15.913040144159991], [1757792941281, 15.42483244447161], [1757792947071, 14.936624744783229], [1757792952909, 14.448417045094848]], "duty": [[1757792883279, 0.0], [1757792889367, 0.0], [1757792895250, 0.0], [1757792900988, 0.0], [1757792906775, 0.0], [1757792912584, 0.0], [1757792918282, 0.0], [1757792924046, 0.0], [1757792929767, 0.0], [1757792935540, 0.0], [1757792941281, 0.0], [1757792947071, 0.0], [1757792952909, 0.0]], "mos": [[1757792883279, 4.140284373023987], [1757792889367, 4.140258706007308], [1757792895250, 4.140233038990628], [1757792900988, 4.140207371973949], [1757792906775, 4.140228873216964], [1757792912584, 4.140250374459979], [1757792918282, 4.140271875702994], [1757792924046, 4.140293222770624], [1757792929767, 4.140314569838255], [1757792935540, 4.140335916905885], [1757792941281, 4.140223010108789], [1757792947071, 4.140110103311693], [1757792952909, 4.139997196514598]]}}