{"ts": "2025-09-13T20:29:37Z", "series": {"rain": [[1757795371633, 0.1010474814050647], [1757795377611, 0.36806760949247586]], "sinr": [[1757795371633, 15.743155972978427], [1757795377611, 15.366195766092407]], "duty": [[1757795371633, 0.0], [1757795377611, 0.0]], "mos": [[1757795371633, 4.140328107319731], [1757795377611, 4.140250973403556]]}}