{"ts": "2025-09-13T20:05:39Z", "series": {"rain": [[1757793916261, 0.77102058968668], [1757793922169, 0.8146157150620661], [1757793927904, 0.858210840437452], [1757793933625, 0.9018059658128381], [1757793939335, 1.0500035962469978]], "sinr": [[1757793916261, 15.569369925368717], [1757793922169, 16.210762910802238], [1757793927904, 16.852155896235757], [1757793933625, 17.493548881669277], [1757793939335, 17.475869814261713]], "duty": [[1757793916261, 0.0], [1757793922169, 0.0], [1757793927904, 0.0], [1757793933625, 0.0], [1757793939335, 0.0]], "mos": [[1757793916261, 4.140316850804573], [1757793922169, 4.140327248498788], [1757793927904, 4.140337646193002], [1757793933625, 4.140348043887217], [1757793939335, 4.140348043887217]]}}