{"ts": "2025-09-13T20:05:16Z", "series": {"rain": [[1757793916261, 0.77102058968668]], "sinr": [[1757793916261, 15.569369925368717]], "duty": [[1757793916261, 0.0]], "mos": [[1757793916261, 4.140316850804573]]}}