{"ts": "2025-09-13T20:05:22Z", "series": {"rain": [[1757793916261, 0.77102058968668], [1757793922169, 0.8146157150620661]], "sinr": [[1757793916261, 15.569369925368717], [1757793922169, 16.210762910802238]], "duty": [[1757793916261, 0.0], [1757793922169, 0.0]], "mos": [[1757793916261, 4.140316850804573], [1757793922169, 4.140327248498788]]}}