{"ts": "2025-09-13T20:29:55Z", "series": {"rain": [[1757795371633, 0.1010474814050647], [1757795377611, 0.36806760949247586], [1757795383767, 0.6350877375798869], [1757795389704, 0.9021078656672981], [1757795395507, 1.0032337438391592]], "sinr": [[1757795371633, 15.743155972978427], [1757795377611, 15.366195766092407], [1757795383767, 14.989235559206385], [1757795389704, 14.612275352320365], [1757795395507, 13.852805368586164]], "duty": [[1757795371633, 0.0], [1757795377611, 0.0], [1757795383767, 0.0], [1757795389704, 0.0], [1757795395507, 0.0]], "mos": [[1757795371633, 4.140328107319731], [1757795377611, 4.140250973403556], [1757795383767, 4.140173839487381], [1757795389704, 4.140096705571206], [1757795395507, 4.132738538276633]]}}