{"ts": "2025-09-13T20:15:23Z", "series": {"rain": [[1757794425927, 0.11593986878732115], [1757794431877, 0.6697861205384544], [1757794437732, 1.2236323722895879], [1757794443436, 1.7774786240407212], [1757794449139, 1.4932702210513518], [1757794454833, 1.2090618180619819], [1757794460526, 0.9248534150726124], [1757794466250, 0.8140255470597851], [1757794471895, 0.703197679046958], [1757794477616, 0.5923698110341307], [1757794483388, 1.0381956054227413], [1757794489134, 1.484021399811351], [1757794494950, 1.9298471941999613], [1757794500758, 1.689924231089175], [1757794506441, 1.4500012679783882], [1757794512136, 1.2100783048676018], [1757794517924, 1.1133222681329302], [1757794523681, 1.0165662313982584]], "sinr": [[1757794425927, 15.74164108179656], [1757794431877, 15.582764172286158], [1757794437732, 15.423887262775754], [1757794443436, 15.265010353265351], [1757794449139, 15.252869380354678], [1757794454833, 15.240728407444003], [1757794460526, 15.22858743453333], [1757794466250, 15.434146056694363], [1757794471895, 15.639704678855399], [1757794477616, 15.845263301016432], [1757794483388, 15.902494867919053], [1757794489134, 15.959726434821675], [1757794494950, 16.016958001724298], [1757794500758, 15.49861462258123], [1757794506441, 14.980271243438157], [1757794512136, 14.46192786429509], [1757794517924, 15.165990885155317], [1757794523681, 15.870053906015546]], "duty": [[1757794425927, 0.0], [1757794431877, 0.0], [1757794437732, 0.0], [1757794443436, 0.0], [1757794449139, 0.0], [1757794454833, 0.0], [1757794460526, 0.0], [1757794466250, 0.0], [1757794471895, 0.0], [1757794477616, 0.0], [1757794483388, 0.0], [1757794489134, 0.0], [1757794494950, 0.0], [1757794500758, 0.0], [1757794506441, 0.0], [1757794512136, 0.0], [1757794517924, 0.0], [1757794523681, 0.0]], "mos": [[1757794425927, 4.14032802509277], [1757794431877, 4.140313609266725], [1757794437732, 4.140299193440681], [1757794443436, 4.140284777614636], [1757794449139, 4.140283008158854], [1757794454833, 4.140281238703072], [1757794460526, 4.14027946924729], [1757794466250, 4.140297350883777], [1757794471895, 4.140315232520262], [1757794477616, 4.140333114156748], [1757794483388, 4.140335256590875], [1757794489134, 4.140337399025001], [1757794494950, 4.140339541459128], [1757794500758, 4.140228586682503], [1757794506441, 4.140117631905879], [1757794512136, 4.140006677129254], [1757794517924, 4.140120466048574], [1757794523681, 4.140234254967896]]}}