{"ts": "2025-09-13T19:51:48Z", "series": {"rain": [[1757792883279, 1.558817163762279], [1757792889367, 1.6135355275927263], [1757792895250, 1.6682538914231735], [1757792900988, 1.7229722552536206], [1757792906775, 2.0665351758504134], [1757792912584, 2.4100980964472063], [1757792918282, 2.753661017043999], [1757792924046, 2.8189244966952858], [1757792929767, 2.8841879763465723], [1757792935540, 2.9494514559978593], [1757792941281, 3.159359728700716], [1757792947071, 3.3692680014035723], [1757792952909, 3.5791762741064295], [1757792958543, 4.358229890397728], [1757792964280, 5.137283506689029], [1757792969965, 5.916337122980327], [1757792975828, 6.841435453076846], [1757792981627, 7.766533783173366], [1757792987311, 8.691632113269884], [1757792993064, 9.299612959021893], [1757792998823, 9.907593804773905], [1757793004613, 10.515574650525913], [1757793010385, 11.76123587317076], [1757793016158, 13.006897095815608], [1757793021903, 14.252558318460455], [1757793027633, 15.420465363453442], [1757793033363, 16.588372408446425], [1757793039099, 17.75627945343941], [1757793044810, 19.123163335351457], [1757793050535, 20.4900472172635], [1757793056245, 21.856931099175544], [1757793061991, 22.839170372834857], [1757793067749, 23.821409646494164], [1757793073471, 24.803648920153474], [1757793079216, 22.831444458109935], [1757793085036, 20.859239996066407], [1757793090796, 18.88703553402287], [1757793096605, 19.541852613645013], [1757793102367, 20.196669693267154], [1757793108120, 20.851486772889295]], "sinr": [[1757792883279, 15.26213939572993], [1757792889367, 15.139112477344002], [1757792895250, 15.016085558958071], [1757792900988, 14.893058640572141], [1757792906775, 14.988934549509192], [1757792912584, 15.084810458446245], [1757792918282, 15.1806863673833], [1757792924046, 15.42480429297553], [1757792929767, 15.668922218567761], [1757792935540, 15.913040144159991], [1757792941281, 15.42483244447161], [1757792947071, 14.936624744783229], [1757792952909, 14.448417045094848], [1757792958543, 14.384146815680598], [1757792964280, 14.319876586266346], [1757792969965, 14.255606356852093], [1757792975828, 14.137396634522798], [1757792981627, 14.0191869121935], [1757792987311, 13.900977189864205], [1757792993064, 13.693829583440627], [1757792998823, 13.486681977017048], [1757793004613, 13.279534370593469], [1757793010385, 12.760769236661144], [1757793016158, 12.242004102728817], [1757793021903, 11.723238968796492], [1757793027633, 11.439141024651327], [1757793033363, 11.155043080506168], [1757793039099, 10.870945136361003], [1757793044810, 10.65726840918983], [1757793050535, 10.443591682018658], [1757793056245, 10.229914954847485], [1757793061991, 10.289786340759463], [1757793067749, 10.349657726671438], [1757793073471, 10.409529112583416], [1757793079216, 10.915324533596426], [1757793085036, 11.421119954609434], [1757793090796, 11.926915375622444], [1757793096605, 11.204437797600646], [1757793102367, 10.48196021957885], [1757793108120, 9.759482641557051]], "duty": [[1757792883279, 0.0], [1757792889367, 0.0], [1757792895250, 0.0], [1757792900988, 0.0], [1757792906775, 0.0], [1757792912584, 0.0], [1757792918282, 0.0], [1757792924046, 0.0], [1757792929767, 0.0], [1757792935540, 0.0], [1757792941281, 0.0], [1757792947071, 0.0], [1757792952909, 0.0], [1757792958543, 0.0], [1757792964280, 0.0], [1757792969965, 0.0], [1757792975828, 0.0], [1757792981627, 0.0], [1757792987311, 0.0], [1757792993064, 0.0], [1757792998823, 0.0], [1757793004613, 0.0], [1757793010385, 0.0], [1757793016158, 0.0], [1757793021903, 0.0], [1757793027633, 0.0], [1757793033363, 0.0], [1757793039099, 0.0], [1757793044810, 0.0], [1757793050535, 0.0], [1757793056245, 0.0], [1757793061991, 0.0], [1757793067749, 0.0], [1757793073471, 0.0], [1757793079216, 0.0], [1757793085036, 0.0], [1757793090796, 0.0], [1757793096605, 0.0], [1757793102367, 0.0], [1757793108120, 0.0]], "mos": [[1757792883279, 4.140284373023987], [1757792889367, 4.140258706007308], [1757792895250, 4.140233038990628], [1757792900988, 4.140207371973949], [1757792906775, 4.140228873216964], [1757792912584, 4.140250374459979], [1757792918282, 4.140271875702994], [1757792924046, 4.140293222770624], [1757792929767, 4.140314569838255], [1757792935540, 4.140335916905885], [1757792941281, 4.140223010108789], [1757792947071, 4.140110103311693], [1757792952909, 4.139997196514598], [1757792958543, 4.139941556055449], [1757792964280, 4.1398859155963], [1757792969965, 4.139830275137151], [1757792975828, 4.139652127777287], [1757792981627, 4.139473980417423], [1757792987311, 4.1392958330575595], [1757792993064, 4.138449689236113], [1757792998823, 4.137603545414667], [1757793004613, 4.136757401593219], [1757793010385, 4.11474145198761], [1757793016158, 4.092725502382001], [1757793021903, 4.070709552776391], [1757793027633, 3.9925883111692047], [1757793033363, 3.914467069562019], [1757793039099, 3.836345827954833], [1757793044810, 3.6248698835282984], [1757793050535, 3.413393939101765], [1757793056245, 3.2019179946752305], [1757793061991, 3.313373501042266], [1757793067749, 3.4248290074093006], [1757793073471, 3.536284513776336], [1757793079216, 3.721673268992524], [1757793085036, 3.9070620242087104], [1757793090796, 4.092450779424898], [1757793096605, 3.690236119332493], [1757793102367, 3.28802145924009], [1757793108120, 2.8858067991476846]]}}