{"ts": "2025-09-13T20:29:43Z", "series": {"rain": [[1757795371633, 0.1010474814050647], [1757795377611, 0.36806760949247586], [1757795383767, 0.6350877375798869]], "sinr": [[1757795371633, 15.743155972978427], [1757795377611, 15.366195766092407], [1757795383767, 14.989235559206385]], "duty": [[1757795371633, 0.0], [1757795377611, 0.0], [1757795383767, 0.0]], "mos": [[1757795371633, 4.140328107319731], [1757795377611, 4.140250973403556], [1757795383767, 4.140173839487381]]}}