{"ts": "2025-09-13T20:06:08Z", "series": {"rain": [[1757793916261, 0.77102058968668], [1757793922169, 0.8146157150620661], [1757793927904, 0.858210840437452], [1757793933625, 0.9018059658128381], [1757793939335, 1.0500035962469978], [1757793945110, 1.1982012266811572], [1757793950850, 1.346398857115317], [1757793957093, 1.285401164908776], [1757793962863, 1.2244034727022348], [1757793968705, 1.1634057804956939]], "sinr": [[1757793916261, 15.569369925368717], [1757793922169, 16.210762910802238], [1757793927904, 16.852155896235757], [1757793933625, 17.493548881669277], [1757793939335, 17.475869814261713], [1757793945110, 17.458190746854147], [1757793950850, 17.44051167944658], [1757793957093, 17.41095735505062], [1757793962863, 17.381403030654653], [1757793968705, 17.351848706258693]], "duty": [[1757793916261, 0.0], [1757793922169, 0.0], [1757793927904, 0.0], [1757793933625, 0.0], [1757793939335, 0.0], [1757793945110, 0.0], [1757793950850, 0.0], [1757793957093, 0.0], [1757793962863, 0.0], [1757793968705, 0.0]], "mos": [[1757793916261, 4.140316850804573], [1757793922169, 4.140327248498788], [1757793927904, 4.140337646193002], [1757793933625, 4.140348043887217], [1757793939335, 4.140348043887217], [1757793945110, 4.140348043887217], [1757793950850, 4.140348043887217], [1757793957093, 4.140348043887217], [1757793962863, 4.140348043887217], [1757793968705, 4.140348043887217]]}}