{"ts": "2025-09-13T20:29:31Z", "series": {"rain": [[1757795371633, 0.1010474814050647]], "sinr": [[1757795371633, 15.743155972978427]], "duty": [[1757795371633, 0.0]], "mos": [[1757795371633, 4.140328107319731]]}}