{"ts": "2025-09-13T19:48:09Z", "series": {"rain": [[1757792883279, 1.558817163762279], [1757792889367, 1.6135355275927263]], "sinr": [[1757792883279, 15.26213939572993], [1757792889367, 15.139112477344002]], "duty": [[1757792883279, 0.0], [1757792889367, 0.0]], "mos": [[1757792883279, 4.140284373023987], [1757792889367, 4.140258706007308]]}}