{"ts": "2025-09-13T20:26:08Z", "series": {"rain": [[1757795168896, 0.8689796242500221]], "sinr": [[1757795168896, 15.533756444405169]], "duty": [[1757795168896, 0.0]], "mos": [[1757795168896, 4.140314022240812]]}}