{"ts": "2025-09-13T20:26:43Z", "series": {"rain": [[1757795168896, 0.8689796242500221], [1757795174728, 1.017594059211111], [1757795180503, 1.1662084941722002], [1757795186338, 1.3148229291332891], [1757795192089, 1.1693333302450888], [1757795197871, 1.0238437313568882], [1757795203674, 0.8783541324686878]], "sinr": [[1757795168896, 15.533756444405169], [1757795174728, 15.356591387632793], [1757795180503, 15.179426330860416], [1757795186338, 15.00226127408804], [1757795192089, 14.892520259556395], [1757795197871, 14.782779245024752], [1757795203674, 14.673038230493107]], "duty": [[1757795168896, 0.0], [1757795174728, 0.0], [1757795180503, 0.0], [1757795186338, 0.0], [1757795192089, 0.0], [1757795197871, 0.0], [1757795203674, 0.0]], "mos": [[1757795168896, 4.140314022240812], [1757795174728, 4.140288107028834], [1757795180503, 4.140262191816856], [1757795186338, 4.1402362766048775], [1757795192089, 4.140199561692571], [1757795197871, 4.140162846780263], [1757795203674, 4.140126131867956]]}}