{"ts": "2025-09-13T19:48:03Z", "series": {"rain": [[1757792883279, 1.558817163762279]], "sinr": [[1757792883279, 15.26213939572993]], "duty": [[1757792883279, 0.0]], "mos": [[1757792883279, 4.140284373023987]]}}