{"ts": "2025-09-13T20:14:09Z", "series": {"rain": [[1757794425927, 0.11593986878732115], [1757794431877, 0.6697861205384544], [1757794437732, 1.2236323722895879], [1757794443436, 1.7774786240407212], [1757794449139, 1.4932702210513518]], "sinr": [[1757794425927, 15.74164108179656], [1757794431877, 15.582764172286158], [1757794437732, 15.423887262775754], [1757794443436, 15.265010353265351], [1757794449139, 15.252869380354678]], "duty": [[1757794425927, 0.0], [1757794431877, 0.0], [1757794437732, 0.0], [1757794443436, 0.0], [1757794449139, 0.0]], "mos": [[1757794425927, 4.14032802509277], [1757794431877, 4.140313609266725], [1757794437732, 4.140299193440681], [1757794443436, 4.140284777614636], [1757794449139, 4.140283008158854]]}}