{"ts": "2025-09-13T20:13:57Z", "series": {"rain": [[1757794425927, 0.11593986878732115], [1757794431877, 0.6697861205384544], [1757794437732, 1.2236323722895879]], "sinr": [[1757794425927, 15.74164108179656], [1757794431877, 15.582764172286158], [1757794437732, 15.423887262775754]], "duty": [[1757794425927, 0.0], [1757794431877, 0.0], [1757794437732, 0.0]], "mos": [[1757794425927, 4.14032802509277], [1757794431877, 4.140313609266725], [1757794437732, 4.140299193440681]]}}