{"ts": "2025-09-13T20:19:15Z", "series": {"rain": [[1757794425927, 0.11593986878732115], [1757794431877, 0.6697861205384544], [1757794437732, 1.2236323722895879], [1757794443436, 1.7774786240407212], [1757794449139, 1.4932702210513518], [1757794454833, 1.2090618180619819], [1757794460526, 0.9248534150726124], [1757794466250, 0.8140255470597851], [1757794471895, 0.703197679046958], [1757794477616, 0.5923698110341307], [1757794483388, 1.0381956054227413], [1757794489134, 1.484021399811351], [1757794494950, 1.9298471941999613], [1757794500758, 1.689924231089175], [1757794506441, 1.4500012679783882], [1757794512136, 1.2100783048676018], [1757794517924, 1.1133222681329302], [1757794523681, 1.0165662313982584], [1757794529379, 0.9198101946635869], [1757794535101, 1.030291329985577], [1757794540875, 1.1407724653075673], [1757794546693, 1.2512536006295574], [1757794552517, 1.336326404319987], [1757794558211, 1.421399208010417], [1757794563923, 1.5064720117008468], [1757794569716, 1.3347217988093787], [1757794575559, 1.1629715859179117], [1757794581271, 0.9912213730264436], [1757794587039, 0.7716127417270233], [1757794592756, 0.5520041104276042], [1757794598460, 0.33239547912818396], [1757794604229, 0.4541531073846695], [1757794610042, 0.5759107356411544], [1757794615799, 0.6976683638976399], [1757794621561, 0.866091139707184], [1757794627377, 1.0345139155167273], [1757794633077, 1.2029366913262716], [1757794640135, 1.0773712354087854], [1757794645862, 0.9518057794912999], [1757794651565, 0.8262403235738136], [1757794657213, 0.7290590327304629], [1757794662919, 0.6318777418871128], [1757794668660, 0.5346964510437621], [1757794674366, 0.5648786439224335], [1757794680132, 0.5950608368011048], [1757794685969, 0.6252430296797762], [1757794691698, 1.2440680668187547], [1757794697432, 1.86289310395773], [1757794703247, 2.4817181410967084], [1757794709006, 2.143606945670429], [1757794714764, 1.8054957502441464], [1757794720481, 1.467384554817867], [1757794726260, 1.095443574463397], [1757794731959, 0.7235025941089228], [1757794737801, 0.3515616137544528], [1757794743603, 0.5769420011250641], [1757794749399, 0.8023223884956779], [1757794755145, 1.0277027758662893]], "sinr": [[1757794425927, 15.74164108179656], [1757794431877, 15.582764172286158], [1757794437732, 15.423887262775754], [1757794443436, 15.265010353265351], [1757794449139, 15.252869380354678], [1757794454833, 15.240728407444003], [1757794460526, 15.22858743453333], [1757794466250, 15.434146056694363], [1757794471895, 15.639704678855399], [1757794477616, 15.845263301016432], [1757794483388, 15.902494867919053], [1757794489134, 15.959726434821675], [1757794494950, 16.016958001724298], [1757794500758, 15.49861462258123], [1757794506441, 14.980271243438157], [1757794512136, 14.46192786429509], [1757794517924, 15.165990885155317], [1757794523681, 15.870053906015546], [1757794529379, 16.574116926875774], [1757794535101, 16.47313641477065], [1757794540875, 16.372155902665526], [1757794546693, 16.2711753905604], [1757794552517, 16.4319407068114], [1757794558211, 16.592706023062398], [1757794563923, 16.7534713393134], [1757794569716, 16.906166930445792], [1757794575559, 17.058862521578185], [1757794581271, 17.211558112710577], [1757794587039, 17.284262821559377], [1757794592756, 17.356967530408177], [1757794598460, 17.429672239256977], [1757794604229, 17.63334513527222], [1757794610042, 17.837018031287457], [1757794615799, 18.0406909273027], [1757794621561, 17.697823815574065], [1757794627377, 17.354956703845435], [1757794633077, 17.0120895921168], [1757794640135, 17.381346728161233], [1757794645862, 17.750603864205658], [1757794651565, 18.11986100025009], [1757794657213, 18.533811731567326], [1757794662919, 18.947762462884555], [1757794668660, 19.36171319420179], [1757794674366, 19.150573487154777], [1757794680132, 18.939433780107763], [1757794685969, 18.728294073060752], [1757794691698, 18.255936162235454], [1757794697432, 17.78357825141016], [1757794703247, 17.31122034058486], [1757794709006, 17.701290121162327], [1757794714764, 18.091359901739796], [1757794720481, 18.481429682317263], [1757794726260, 18.186959949353867], [1757794731959, 17.892490216390467], [1757794737801, 17.59802048342707], [1757794743603, 17.525707863843024], [1757794749399, 17.45339524425898], [1757794755145, 17.381082624674935]], "duty": [[1757794425927, 0.0], [1757794431877, 0.0], [1757794437732, 0.0], [1757794443436, 0.0], [1757794449139, 0.0], [1757794454833, 0.0], [1757794460526, 0.0], [1757794466250, 0.0], [1757794471895, 0.0], [1757794477616, 0.0], [1757794483388, 0.0], [1757794489134, 0.0], [1757794494950, 0.0], [1757794500758, 0.0], [1757794506441, 0.0], [1757794512136, 0.0], [1757794517924, 0.0], [1757794523681, 0.0], [1757794529379, 0.0], [1757794535101, 0.0], [1757794540875, 0.0], [1757794546693, 0.0], [1757794552517, 0.0], [1757794558211, 0.0], [1757794563923, 0.0], [1757794569716, 0.0], [1757794575559, 0.0], [1757794581271, 0.0], [1757794587039, 0.0], [1757794592756, 0.0], [1757794598460, 0.0], [1757794604229, 0.0], [1757794610042, 0.0], [1757794615799, 0.0], [1757794621561, 0.0], [1757794627377, 0.0], [1757794633077, 0.0], [1757794640135, 0.0], [1757794645862, 0.0], [1757794651565, 0.0], [1757794657213, 0.0], [1757794662919, 0.0], [1757794668660, 0.0], [1757794674366, 0.0], [1757794680132, 0.0], [1757794685969, 0.0], [1757794691698, 0.0], [1757794697432, 0.0], [1757794703247, 0.0], [1757794709006, 0.0], [1757794714764, 0.0], [1757794720481, 0.0], [1757794726260, 0.0], [1757794731959, 0.0], [1757794737801, 0.0], [1757794743603, 0.0], [1757794749399, 0.0], [1757794755145, 0.0]], "mos": [[1757794425927, 4.14032802509277], [1757794431877, 4.140313609266725], [1757794437732, 4.140299193440681], [1757794443436, 4.140284777614636], [1757794449139, 4.140283008158854], [1757794454833, 4.140281238703072], [1757794460526, 4.14027946924729], [1757794466250, 4.140297350883777], [1757794471895, 4.140315232520262], [1757794477616, 4.140333114156748], [1757794483388, 4.140335256590875], [1757794489134, 4.140337399025001], [1757794494950, 4.140339541459128], [1757794500758, 4.140228586682503], [1757794506441, 4.140117631905879], [1757794512136, 4.140006677129254], [1757794517924, 4.140120466048574], [1757794523681, 4.140234254967896], [1757794529379, 4.140348043887217], [1757794535101, 4.140347295731473], [1757794540875, 4.14034654757573], [1757794546693, 4.140345799419987], [1757794552517, 4.14034654757573], [1757794558211, 4.140347295731473], [1757794563923, 4.140348043887217], [1757794569716, 4.140348043887217], [1757794575559, 4.140348043887217], [1757794581271, 4.140348043887217], [1757794587039, 4.116895019466458], [1757794592756, 4.0934419950456995], [1757794598460, 4.069988970624941], [1757794604229, 4.0934419950456995], [1757794610042, 4.116895019466458], [1757794615799, 4.140348043887217], [1757794621561, 4.140348043887217], [1757794627377, 4.140348043887217], [1757794633077, 4.140348043887217], [1757794640135, 4.140348043887217], [1757794645862, 4.140348043887217], [1757794651565, 4.140348043887217], [1757794657213, 4.140348043887217], [1757794662919, 4.140348043887217], [1757794668660, 4.140348043887217], [1757794674366, 4.140348043887217], [1757794680132, 4.140348043887217], [1757794685969, 4.140348043887217], [1757794691698, 4.140348043887217], [1757794697432, 4.140348043887217], [1757794703247, 4.140348043887217], [1757794709006, 4.140348043887217], [1757794714764, 4.140348043887217], [1757794720481, 4.140348043887217], [1757794726260, 4.140348043887217], [1757794731959, 4.140348043887217], [1757794737801, 4.140348043887217], [1757794743603, 4.140348043887217], [1757794749399, 4.140348043887217], [1757794755145, 4.140348043887217]]}}