{"ts": "2025-09-13T20:26:20Z", "series": {"rain": [[1757795168896, 0.8689796242500221], [1757795174728, 1.017594059211111], [1757795180503, 1.1662084941722002]], "sinr": [[1757795168896, 15.533756444405169], [1757795174728, 15.356591387632793], [1757795180503, 15.179426330860416]], "duty": [[1757795168896, 0.0], [1757795174728, 0.0], [1757795180503, 0.0]], "mos": [[1757795168896, 4.140314022240812], [1757795174728, 4.140288107028834], [1757795180503, 4.140262191816856]]}}